video_url,user_url,username,title,view_num,created_at,shortdesc,collected_at
/watch?v=T9Nx3RQkAB0&pp=ygUdd2FzaGluZ3RvbiBpbmRpZ2Vub3VzIHBvdmVydHk%3D,/@PeterSantenello,Peter Santenello,Poorest Native American Reservation - What It Really Looks Like üá∫üá∏,"5,5¬†mln. weergaven",1 jaar geleden,I was warned by many Natives not to go to the Pine Ridge Reservation because of crime and poverty. But what was it like when I¬†...,2024-01-28 00:45:51.206824
/watch?v=SM8WZ0ztMuc&pp=ygUdd2FzaGluZ3RvbiBpbmRpZ2Vub3VzIHBvdmVydHk%3D,/@BBCNews,BBC News,'America is a stolen country',"2,2¬†mln. weergaven",9 jaar geleden,"Subscribe to BBC News www.youtube.com/bbcnews Alcoholism, unemployment and suicide are problems associated with Native¬†...",2024-01-28 00:45:51.215674
/watch?v=RYU6epXyxhg&pp=ygUdd2FzaGluZ3RvbiBpbmRpZ2Vub3VzIHBvdmVydHk%3D,/@LXNews,LX News,Inside an Indian Reservation Reeling From Poverty and the Pandemic | LX NEWS,210K weergaven,2 jaar geleden,The Pine Ridge Indian Reservation in South Dakota is home to the Oglala Lakota nation ‚Äî people whose ancestors survived¬†...,2024-01-28 00:45:51.217692
/watch?v=y1zlaD44gp0&pp=ygUdd2FzaGluZ3RvbiBpbmRpZ2Vub3VzIHBvdmVydHk%3D,/@NickJohnson,Nick Johnson,The Poverty In Mississippi Is Unlike Anything You've Ever Seen,2¬†mln. weergaven,8 maanden geleden,This doesn't look like the United States at all. They say Mississippi is last in all the good categories and first in all the bad¬†...,2024-01-28 00:45:51.231193
/watch?v=4lJUCMKYUUw&pp=ygUdd2FzaGluZ3RvbiBpbmRpZ2Vub3VzIHBvdmVydHk%3D,/@ENDEVRDocs,ENDEVR,Australia's Dark Secret: The Inhumane Treatment of Indigenous Peoples | ENDEVR Documentary,"3,2¬†mln. weergaven",1 jaar geleden,Utopia: The Inhumane Treatment of Indigenous Peoples | Australia's Dark Secret | ENDEVR Documentary Utopia is a rare and¬†...,2024-01-28 00:45:51.234876
/watch?v=PN9aYGPKevM&pp=ygUdd2FzaGluZ3RvbiBpbmRpZ2Vub3VzIHBvdmVydHk%3D,/@ABCNewsIndepth,ABC News In-depth,Regional Australians who are struggling with the increased cost of living | 7.30,32K weergaven,7 maanden geleden,"The cost of living is putting pressure on people all over Australia, but those in the most remote parts of the country face unique¬†...",2024-01-28 00:45:51.238831
/watch?v=eqceHviNBC4&pp=ygUdd2FzaGluZ3RvbiBpbmRpZ2Vub3VzIHBvdmVydHk%3D,/@theGuardian,The Guardian,Why the poorest county in West Virginia has faith in Donald Trump | Anywhere but Washington,"7,6¬†mln. weergaven",7 jaar geleden,The Guardian YouTube network: Guardian News ‚ñª http://is.gd/guardianwires Guardian Football ‚ñª http://is.gd/guardianfootball¬†...,2024-01-28 00:45:51.240681
/watch?v=p3O6bKdPLbw&pp=ygUdd2FzaGluZ3RvbiBpbmRpZ2Vub3VzIHBvdmVydHk%3D,/@PeterSantenello,Peter Santenello,Poorest Region of America - What It Really Looks Like üá∫üá∏,22¬†mln. weergaven,6 maanden geleden,Southern West Virginia to Eastern Kentucky is the largest region of economically distressed counties in the country. In many ways¬†...,2024-01-28 00:45:51.242530
/watch?v=DrvvMeW0HPA&pp=ygUdd2FzaGluZ3RvbiBpbmRpZ2Vub3VzIHBvdmVydHk%3D,/@UnitedStatesInstituteofPeace,United States Institute of Peace,"The Afro-Indigenous Peoples of Honduras: Exclusion, Conflict, and Migration",507 weergaven,Gestreamd: 3 dagen geleden,"Since first arriving to Central America in 1797, the Afro-Indigenous Garifuna communities have played an important role in the¬†...",2024-01-28 00:45:51.260775
/watch?v=dq0Joi1ELps&pp=ygUdd2FzaGluZ3RvbiBpbmRpZ2Vub3VzIHBvdmVydHk%3D,/@aljazeeraenglish,Al Jazeera English,Poverty USA - Native Americans - 16 Nov 07,207K weergaven,16 jaar geleden,Native Americans in the US state of Dakota are being driven to alcohol abuse and suicide. In the second installment on a series of¬†...,2024-01-28 00:45:51.263320
/watch?v=JCqL9qcwVMU&pp=ygUdd2FzaGluZ3RvbiBpbmRpZ2Vub3VzIHBvdmVydHk%3D,/@ABCNews,ABC News,Low life expectancy on Pine Ridge Reservation | Hidden America: Children of the Plains PART 5/5,201K weergaven,5 jaar geleden,"Children of the Plains Part 5: Produce is scarce on reservation, but Subway offers healthy options. [Original Air Date 10/14/2011]¬†...",2024-01-28 00:45:51.265251
/watch?v=Yn6MF68Db8w&pp=ygUdd2FzaGluZ3RvbiBpbmRpZ2Vub3VzIHBvdmVydHk%3D,/@darrengal7938,Darren Gal,Severe Poverty in Remote Indigenous Communities,"7,1K weergaven",6 jaar geleden,This story is about severe poverty in the remote Aboriginal community of Utopia. This story went to air on the 5th of July 2017 ABC¬†...,2024-01-28 00:45:51.268597
/watch?v=Ui8YJT6qR30&pp=ygUdd2FzaGluZ3RvbiBpbmRpZ2Vub3VzIHBvdmVydHk%3D,/@9news,9NEWS,‚ÄúDon‚Äôt forget about us.‚Äù A horesback ride to the poorest place in the United States,71K weergaven,7 jaar geleden,"9NEWS STORYTELLERS: Pine Ridge, South Dakota is the poorest place in the United States. It's an Indian Reservation where¬†...",2024-01-28 00:45:51.271362
/watch?v=FU9aV-e4KvE&pp=ygUdd2FzaGluZ3RvbiBpbmRpZ2Vub3VzIHBvdmVydHk%3D,/@UnitedStates5050,Our 50 States,"Washington's Cities in Crisis Due to Homelessness, Poverty, and Crime",20K weergaven,7 dagen geleden,"Washington's Cities in Crisis: Homelessness, Poverty, Crime: A triple threat gripping Washington's cities. Uncover root causes¬†...",2024-01-28 00:45:51.283052
/watch?v=SG_E2g3fL8M&pp=ygUdd2FzaGluZ3RvbiBpbmRpZ2Vub3VzIHBvdmVydHk%3D,/@nytimes,The New York Times,A Video of Teenagers and a Native American Man Went Viral. Here‚Äôs What Happened. | NYT News,"5,7¬†mln. weergaven",5 jaar geleden,A close look at the videos that have emerged paints a more complete picture of what happened on Jan. 18 ‚Äî and how an unlikely¬†...,2024-01-28 00:45:51.287253
/watch?v=ibWLCYknpNc&pp=ygUdd2FzaGluZ3RvbiBpbmRpZ2Vub3VzIHBvdmVydHk%3D,/@globalnews,Global News,Why some First Nations reserves don't have clean drinking water,103K weergaven,4 jaar geleden,First Nations reserves across Canada struggle to access clean drinking water from their taps. We explain why this problem has¬†...,2024-01-28 00:45:51.294552
/watch?v=xAWwkzoOKgY&pp=ygUdd2FzaGluZ3RvbiBpbmRpZ2Vub3VzIHBvdmVydHk%3D,/@WashingtonPost,Washington Post,Meet the rural Americans who fear they‚Äôre being forgotten,480K weergaven,6 jaar geleden,"Hear from rural voters in Ashtabula County, Ohio, as they describe the most important issues to them.",2024-01-28 00:45:51.297543
/watch?v=_pMOG4k08H8&pp=ygUdd2FzaGluZ3RvbiBpbmRpZ2Vub3VzIHBvdmVydHk%3D,/@NickJohnson,Nick Johnson,I Went To The Poorest Place In Kentucky: Appalachia Road Trip Day 1,"1,3¬†mln. weergaven",10 maanden geleden,This is definitely one of the most tragic places in the country. Your idea of poverty is probably different from mine. But out here is¬†...,2024-01-28 00:45:51.312329
/watch?v=1YxMeuhiEbY&pp=ygUdd2FzaGluZ3RvbiBpbmRpZ2Vub3VzIHBvdmVydHk%3D,/@France24_en,FRANCE 24 English,Canada's indigenous communities strive for reform after decades of systemic discrimination,14K weergaven,1 jaar geleden,Canada's government signed the most significant compensation agreement in its history in December 2021. After a nearly 15-year¬†...,2024-01-28 00:45:51.314233
/watch?v=FG1hCPijyj4&pp=ygUdd2FzaGluZ3RvbiBpbmRpZ2Vub3VzIHBvdmVydHk%3D,/@DWDocumentary,DW Documentary,Canada: Why Many Aboriginals Grow into Crime | DW Documentary (Crime documentary),209K weergaven,5 jaar geleden,"Spurgeon Root is a pastor in Regina in western Canada. It is a city notorious for its Aboriginal gang culture. At night, they come¬†...",2024-01-28 00:45:51.316137
/watch?v=LzbU-9L1WS4&pp=ygUdd2FzaGluZ3RvbiBpbmRpZ2Vub3VzIHBvdmVydHk%3D,/@VICENews,VICE News,Living Homeless in the Desert,2¬†mln. weergaven,1 jaar geleden,LA County's housing crisis has gotten so severe that hundreds of people have felt they have no choice but to make camp in¬†...,2024-01-28 00:45:58.727868
/watch?v=lf_IaLAXQCA&pp=ygUdd2FzaGluZ3RvbiBpbmRpZ2Vub3VzIHBvdmVydHk%3D,/@NickJohnson,Nick Johnson,I Went To The Worst Ghettos In The United States: Part Two,"5,4¬†mln. weergaven",1 jaar geleden,Parts of America are falling apart literally before our eyes. Now I've seen a lot of this country. I go out of my way to see bad things¬†...,2024-01-28 00:45:58.730244
/watch?v=n5v-DmXUvcM&pp=ygUdd2FzaGluZ3RvbiBpbmRpZ2Vub3VzIHBvdmVydHk%3D,/@DemocracyNow,Democracy Now!,"""Poverty, by America"": Author Matthew Desmond on How U.S. Punishes the Poor & Rewards the Wealthy",583K weergaven,9 maanden geleden,A new study published in the _Journal of the American Medical Association_ finds that poverty is the fourth-greatest cause of¬†...,2024-01-28 00:45:58.732517
/watch?v=YlQA3qFzw18&pp=ygUdd2FzaGluZ3RvbiBpbmRpZ2Vub3VzIHBvdmVydHk%3D,/@JavaDiscover,Java Discover | Free Global Documentaries & Clips,Poverty in the World's Richest Country: Meet the USA's Poorest People | American Poverty Documentary,"1,4¬†mln. weergaven",2 jaar geleden,"43 million people in the United States now live below the poverty line, twice as many as it was fifty years ago. 1.5 million children¬†...",2024-01-28 00:45:58.734952
/watch?v=G7z1kjkdRxU&pp=ygUdd2FzaGluZ3RvbiBpbmRpZ2Vub3VzIHBvdmVydHk%3D,/@BestDoc,Best Documentary,USA on the Brink of Chaos: How Americans Are Living the End of the American Dream,"1,7¬†mln. weergaven",9 maanden geleden,"Facing a pandemic, an unprecedented economic and social crisis, the United States seems to be on the brink. We followed¬†...",2024-01-28 00:45:58.736635
/watch?v=ivIKI7F1IQc&pp=ygUdd2FzaGluZ3RvbiBpbmRpZ2Vub3VzIHBvdmVydHk%3D,/@NickJohnson,Nick Johnson,I Went To The Most Republican County In America,522K weergaven,10 maanden geleden,Wait. THIS is where all the conservatives live? What happened to the place? If I were to compare how the liberals live versus¬†...,2024-01-28 00:45:58.738696
/watch?v=HpWAZpgEodQ&pp=ygUdd2FzaGluZ3RvbiBpbmRpZ2Vub3VzIHBvdmVydHk%3D,/@NickJohnson,Nick Johnson,I Went To The Poorest County In America,"1,1¬†mln. weergaven",10 maanden geleden,This doesn't even look like America anymore. McDowell County is now the poorest place in the country. You could say McDowell¬†...,2024-01-28 00:45:58.740441
/watch?v=adq1rlWFE4o&pp=ygUdd2FzaGluZ3RvbiBpbmRpZ2Vub3VzIHBvdmVydHk%3D,/@NickJohnson,Nick Johnson,The 10 States Where Homelessness is Out of Control and Beyond Repair,"2,7¬†mln. weergaven",2 jaar geleden,"Many parts of the United States are suffering with massive homeless camps. Every day in the US, on average, 55 people become¬†...",2024-01-28 00:45:58.742340
/watch?v=EtqchgO03xI&pp=ygUdd2FzaGluZ3RvbiBpbmRpZ2Vub3VzIHBvdmVydHk%3D,/@wsj,The Wall Street Journal,A Portrait of Poverty in America: Job Insecurity and Payday Lending,659K weergaven,6 jaar geleden,"Many families in Tchula, Miss., struggle to make ends meet with a patchwork of jobs and high-interest loans. Community leaders¬†...",2024-01-28 00:45:58.743607
/watch?v=UpRyv5VzmjA&pp=ygUdd2FzaGluZ3RvbiBpbmRpZ2Vub3VzIHBvdmVydHk%3D,/@CBCTheNational,CBC News: The National,Could a new approach to First Nations housing be a game-changer?,94K weergaven,6 jaar geleden,Voice Your Opinion & Connect With Us Online: The National Updates on Facebook: https://www.facebook.com/thenational The¬†...,2024-01-28 00:45:58.745005
/watch?v=UF60TuzVjmc&pp=ygUdd2FzaGluZ3RvbiBpbmRpZ2Vub3VzIHBvdmVydHk%3D,/@JavaDiscover,Java Discover | Free Global Documentaries & Clips,Poverty after the Pandemic: Americans in Corona-Fueled Economic Crisis | Poverty in US Documentary,"1,2¬†mln. weergaven",2 jaar geleden,"Facing a pandemic, an unprecedented economic and social crisis, the United States seems to be on the brink. We followed¬†...",2024-01-28 00:45:58.747081
/watch?v=nw5GoTq2vBE&pp=ygUdd2FzaGluZ3RvbiBpbmRpZ2Vub3VzIHBvdmVydHk%3D,/@PostLive,Washington Post Live,"Matthew Desmond on ‚ÄòPoverty, by America‚Äô",22K weergaven,Gestreamd: 9 maanden geleden,"Matthew Desmond, a Princeton sociologist, is the author of a new book that explores why poverty remains at a higher level in the¬†...",2024-01-28 00:45:58.748490
/watch?v=NwDAaKJXKPE&pp=ygUdd2FzaGluZ3RvbiBpbmRpZ2Vub3VzIHBvdmVydHk%3D,/@JavaDiscover,Java Discover | Free Global Documentaries & Clips,Working & Homeless: The Death of the American Dream | Poverty in the USA Documentary,"2,1¬†mln. weergaven",1 jaar geleden,"In the USA, many people are working 2 or more jobs and still living below the poverty line. Families are forced to move their¬†...",2024-01-28 00:45:58.750274
/watch?v=J6sdTOO_uxo&pp=ygUdd2FzaGluZ3RvbiBpbmRpZ2Vub3VzIHBvdmVydHk%3D,/@ABCNews,ABC News,"Suicide rates, alcoholism among Lakota tribe | Hidden America: Children of the Plains PART 2/5",249K weergaven,5 jaar geleden,Children of the Plains Part 2: Louise survives in a home with scarce food and a mother lost in alcohol. [Original Air Date¬†...,2024-01-28 00:45:58.754296
/watch?v=gbZ3eUCnbp8&pp=ygUdd2FzaGluZ3RvbiBpbmRpZ2Vub3VzIHBvdmVydHk%3D,/@4NewsNow,4 News Now,Poverty on the rise in Washington,1K weergaven,9 jaar geleden,"While the rest of the country has seen a decrease in poverty, Washington is among the three states with a poverty rate on the rise.",2024-01-28 00:45:58.755653
/watch?v=S3n-m9DZZ6Q&pp=ygUdd2FzaGluZ3RvbiBpbmRpZ2Vub3VzIHBvdmVydHk%3D,/@DiasporaCareersandInvestments,Diaspora Careers and Investments,This is Why Black People Abroad are Poorer,703 weergaven,6 uur geleden,Statistics show that Black people abroad are poorer than their White counterparts or other ethnic minorities. In this frank¬†...,2024-01-28 00:45:58.756883
/watch?v=ytd06hadrsM&pp=ygUdd2FzaGluZ3RvbiBpbmRpZ2Vub3VzIHBvdmVydHk%3D,/@PBSNewsHour,PBS NewsHour,"The story of American poverty, as told by one Alabama county","1,4¬†mln. weergaven",5 jaar geleden,"More than 18 million Americans live in ‚Äúextreme poverty,‚Äù according to a report from the United Nations, which ranked poverty in¬†...",2024-01-28 00:45:58.758440
/watch?v=Gsg6eUhFDDo&pp=ygUdd2FzaGluZ3RvbiBpbmRpZ2Vub3VzIHBvdmVydHk%3D,/@VICE,VICE,Canada's Waterless Communities: Neskantaga,70K weergaven,8 jaar geleden,"Canada has the world's second-largest supply of fresh water, but 94 First Nations communities have limited or no access to it.",2024-01-28 00:45:58.759830
/watch?v=_WXkFUlxlz4&pp=ygUdd2FzaGluZ3RvbiBpbmRpZ2Vub3VzIHBvdmVydHk%3D,/@nationswell,NationSwell,This Harlem Native Is on a Mission to End Poverty in America,"2,6K weergaven",8 jaar geleden,Her organization is one-stop shop for an entire spectrum of aid.,2024-01-28 00:45:58.761028
/watch?v=7O7BMa9XGXE&pp=ygUdd2FzaGluZ3RvbiBpbmRpZ2Vub3VzIHBvdmVydHk%3D,/@TED,TED,How America's public schools keep kids in poverty | Kandice Sumner,573K weergaven,7 jaar geleden,"Why should a good education be exclusive to rich kids? Schools in low-income neighborhoods across the US, specifically in¬†...",2024-01-28 00:45:58.762285
/watch?v=mPXdhghxe9s&pp=ygUdd2FzaGluZ3RvbiBpbmRpZ2Vub3VzIHBvdmVydHk%3D,/@DWDocumentary,DW Documentary,Honduras: Escaping violence and poverty | DW Documentary,655K weergaven,1 jaar geleden,"Every year, tens of thousands of people from the central American nation of Honduras leave their home country to try and reach¬†...",2024-01-28 00:46:09.351809
/watch?v=yjDwDfo2bzA&pp=ygUdd2FzaGluZ3RvbiBpbmRpZ2Vub3VzIHBvdmVydHk%3D,/@KGWNews8,KGW News,Washington family facing homelessness after 150% rent increase,67K weergaven,1 jaar geleden,"The family of three had the rent on their trailer raised from $800 a month to $2000, and they can't find anything else in their price¬†...",2024-01-28 00:46:09.366408
/watch?v=Qc5tokgWTpg&pp=ygUdd2FzaGluZ3RvbiBpbmRpZ2Vub3VzIHBvdmVydHk%3D,/@DemocracyNow,Democracy Now!,"Poor People‚Äôs March on Washington Saturday Demands ‚ÄúMoral Reset‚Äù on Poverty, Voting Rights, Climate",70K weergaven,1 jaar geleden,"We speak with Bishop William Barber and Reverend Liz Theoharis, co-chairs of the Poor People's Campaign, about plans for¬†...",2024-01-28 00:46:09.370490
/watch?v=10_QZojPkho&pp=ygUdd2FzaGluZ3RvbiBpbmRpZ2Vub3VzIHBvdmVydHk%3D,/@CBCNews,CBC News,Canada has failed Indigenous people: Human Rights Watch,14K weergaven,1 jaar geleden,The annual report from Human Rights Watch has singled out Canada's failure to address ongoing issues in Indigenous¬†...,2024-01-28 00:46:09.376617
/watch?v=usPxGsePRp4&pp=ygUdd2FzaGluZ3RvbiBpbmRpZ2Vub3VzIHBvdmVydHk%3D,/@TEDx,TEDx Talks,The House That Poverty Built | Kristine Reeves | TEDxTacoma,367 weergaven,5 jaar geleden,Kristine Reeves currently serves as Washington State's Director of the Military & Defense Sector. Reeves is also serving her first¬†...,2024-01-28 00:46:09.381965
/watch?v=fhvLEcRdub4&pp=ygUdd2FzaGluZ3RvbiBpbmRpZ2Vub3VzIHBvdmVydHk%3D,/@NITV,NITV,PLANNED CLOSURE OF WA COMMUNITIES HIGHLIGHTS WA‚ÄôS POOR CONTRIBUTION TO CLOSING THE GAP,84 weergaven,8 jaar geleden,Over in Western Australia the biggest threat to the Indigenous community has been the proposed closure of remote communities.,2024-01-28 00:46:09.385207
/watch?v=s50iA1brWX0&pp=ygUdd2FzaGluZ3RvbiBpbmRpZ2Vub3VzIHBvdmVydHk%3D,/@UnitedStates5050,Our 50 States,Top 8 Homeless States in America Are Passing Anti-Homeless Laws,198K weergaven,4 maanden geleden,"Top Homeless States in America: The United States is facing a growing homelessness crisis, with the number of people¬†...",2024-01-28 00:46:09.391205
/watch?v=Vd6YhDy_ZSI&pp=ygUdd2FzaGluZ3RvbiBpbmRpZ2Vub3VzIHBvdmVydHk%3D,/@christopherrufo,Christopher F. Rufo,"America Lost (PBS, 2019)",574K weergaven,11 maanden geleden,"America Lost is a documentary triptych that explores life in three of America's ‚Äúforgotten cities‚Äù‚ÄîYoungstown, Ohio, Memphis,¬†...",2024-01-28 00:46:09.398495
/watch?v=3ab-O5aO_CA&pp=ygUdd2FzaGluZ3RvbiBpbmRpZ2Vub3VzIHBvdmVydHk%3D,/@ORGovDHS,Oregon Department of Human Services (ODHS),Dismantling Poverty in Washington to Oregon Poverty Relief Task Force,80 weergaven,1 jaar geleden,Presentation from Washington's Dismantle Poverty in WA ( https://dismantlepovertyinwa.com/about-the-work-group )from Dr. Lori¬†...,2024-01-28 00:46:09.409234
/watch?v=japb-MXPm3o&pp=ygUdd2FzaGluZ3RvbiBpbmRpZ2Vub3VzIHBvdmVydHk%3D,/@PostLive,Washington Post Live,Desmond on how the effects of poverty differ by race,171 weergaven,9 maanden geleden,It's impossible to write a book about American poverty without also writing a book about American racism. They are just connected¬†...,2024-01-28 00:46:09.412534
/watch?v=BIhUhHbTJ_s&pp=ygUdd2FzaGluZ3RvbiBpbmRpZ2Vub3VzIHBvdmVydHk%3D,/@VICE,VICE,Prohibition in Northern Canada: VICE INTL (Canada),"2,4¬†mln. weergaven",9 jaar geleden,"Officially founded in 1999, Nunavut is the youngest territory in Canada. It's only been two generations since Canada's stewardship¬†...",2024-01-28 00:46:09.417538
/watch?v=Nwj_Trv4-Os&pp=ygUdd2FzaGluZ3RvbiBpbmRpZ2Vub3VzIHBvdmVydHk%3D,/@abodetidings8392,ABODE TIDINGS,"Place to avoid when moving to Australia,  Poverty aboriginal people in Australia  Darwin, Northern T","3,2K weergaven",3 jaar geleden,"aboriginal people in Darwin, Northern Territory Australia, this is unusual place in whole world this is located in Australia.",2024-01-28 00:46:09.420847
/watch?v=NxE1p0X3W2w&pp=ygUdd2FzaGluZ3RvbiBpbmRpZ2Vub3VzIHBvdmVydHk%3D,/@CBSMornings,CBS Mornings,Lack of housing in Seattle forces some families to live in cars,654K weergaven,3 jaar geleden,"Aaron, who lives with his wife Silje and their two children in a parking lot outside of Seattle, begins his day in darkness, making a¬†...",2024-01-28 00:46:09.423747
/watch?v=nCTmRTX5jtc&pp=ygUdd2FzaGluZ3RvbiBpbmRpZ2Vub3VzIHBvdmVydHk%3D,/@sdcmilwaukee,sdcmilwaukee,2022 Summit on Poverty - Opening Ceremony,67 weergaven,10 maanden geleden,"Summit on Poverty Opening Ceremony presented by Oneida Nation member, educator and lecturer, Mark Denning.",2024-01-28 00:46:09.426516
/watch?v=vGqoxJCTTxg&pp=ygUdd2FzaGluZ3RvbiBpbmRpZ2Vub3VzIHBvdmVydHk%3D,/@aljazeeraenglish,Al Jazeera English,One in seven US seniors live in poverty,242K weergaven,11 jaar geleden,"The elderly will soon make up a third of the population in more than 60 countries, according to the UN. But even in wealthy nations¬†...",2024-01-28 00:46:09.429607
/watch?v=95we_UcQh2I&pp=ygUdd2FzaGluZ3RvbiBpbmRpZ2Vub3VzIHBvdmVydHk%3D,/@AmanpourandCompany,Amanpour and Company,Matthew Desmond: The Privileged are Complicit in America‚Äôs Poverty Crisis | Amanpour and Company,143K weergaven,9 maanden geleden,The United States -- the richest country in the world -- has a higher rate of poverty than any other advanced democracy. Pulitzer¬†...,2024-01-28 00:46:09.433872
/watch?v=QMAQwWJYQtI&pp=ygUdd2FzaGluZ3RvbiBpbmRpZ2Vub3VzIHBvdmVydHk%3D,/@abc7news,ABC7 News Bay Area,Mile-long RV encampment symbolizes growing housing crisis in Bay Area,805K weergaven,7 maanden geleden,#RV #homeless #housing #homelessness #rvencampment #marincounty #abc7news.,2024-01-28 00:46:09.437412
/watch?v=jjE5mBXDKIU&pp=ygUdd2FzaGluZ3RvbiBpbmRpZ2Vub3VzIHBvdmVydHk%3D,/@ajplus,AJ+,I Make $20/Hour And I'm Still Homeless,"1,2¬†mln. weergaven",1 jaar geleden,"Jackson Hole, Wyoming, is a playground for billionaires. Teton County, where Jackson Hole is located, is the wealthiest county in¬†...",2024-01-28 00:46:09.443296
/watch?v=nveVj-alhj4&pp=ygUdd2FzaGluZ3RvbiBpbmRpZ2Vub3VzIHBvdmVydHk%3D,/@WashingtonPost,Washington Post,What I want my daughters to know about poverty,14K weergaven,9 jaar geleden,Former television producer Darlena Cunha talks about the response to the op-ed she wrote about her experience with poverty¬†...,2024-01-28 00:46:09.446598
/watch?v=WwGRM4QWFlQ&pp=ygUdd2FzaGluZ3RvbiBpbmRpZ2Vub3VzIHBvdmVydHk%3D,/@Vox,Vox,How US corporations poisoned this Indigenous community,410K weergaven,1 jaar geleden,"Invisible chemicals changed the Mohawk way of life. They're probably in you, too. Subscribe and turn on notifications so you¬†...",2024-01-28 00:46:18.120789
/watch?v=e4HcI3Efijo&pp=ygUdd2FzaGluZ3RvbiBpbmRpZ2Vub3VzIHBvdmVydHk%3D,/@NickJohnson,Nick Johnson,The Poverty In America Is Absolutely Appalling,"2,6¬†mln. weergaven",4 jaar geleden,"In order to determine the poorest states, we measured the household income levels for each state, as well as the number of¬†...",2024-01-28 00:46:18.122994
/watch?v=tRPdVr9XglI&pp=ygUdd2FzaGluZ3RvbiBpbmRpZ2Vub3VzIHBvdmVydHk%3D,/@TheShonFieldShow,Graham Shonfield,Life on the Reserve - Documentary,33K weergaven,5 jaar geleden,"This documentary was filmed in Kiashke Zaaging Anishinaabek (Gull Bay) and goes over 6 aspects of life on a reserve: Water,¬†...",2024-01-28 00:46:18.124267
/watch?v=tWBDEWmAkF0&pp=ygUdd2FzaGluZ3RvbiBpbmRpZ2Vub3VzIHBvdmVydHk%3D,/@Forbes,Forbes,How The First Legal Native American Distillery Was Built | Forbes,2K weergaven,3 jaar geleden,"In spite of the pandemic, this summer the Chehalis tribe of western Washington opened a historic new enterprise‚Äînew not just for¬†...",2024-01-28 00:46:18.126108
/watch?v=WyVri9edOrU&pp=ygUdd2FzaGluZ3RvbiBpbmRpZ2Vub3VzIHBvdmVydHk%3D,/@ajplus,AJ+,Surviving On Peanut Butter & Crackers: Starving In West Virginia,"1,5¬†mln. weergaven",3 jaar geleden,"AJ+ traveled to West Virginia, a state where 1 in 7 adults and 1 in 5 children are hungry. What happens when a state like this gets¬†...",2024-01-28 00:46:18.128055
/watch?v=ec_tL0ZG2sI&pp=ygUdd2FzaGluZ3RvbiBpbmRpZ2Vub3VzIHBvdmVydHk%3D,/@CNN,CNN,The first are the poorest,39 weergaven,14 jaar geleden,CNN's John King travels to the Lakota Reservation in South Dakota -- part of the poorest county in America.,2024-01-28 00:46:18.129430
/watch?v=9z9QKRsiql8&pp=ygUdd2FzaGluZ3RvbiBpbmRpZ2Vub3VzIHBvdmVydHk%3D,/@TEDx,TEDx Talks,A brighter future through indigenous prosperity: Gabrielle Scrimshaw at TEDxToronto,76K weergaven,10 jaar geleden,"The fifth annual TEDxToronto conference took place on September 26, 2013 at The Royal Conservatory of Music. For our 2013¬†...",2024-01-28 00:46:18.131318
/watch?v=JsAg-Ta8dFA&pp=ygUdd2FzaGluZ3RvbiBpbmRpZ2Vub3VzIHBvdmVydHk%3D,/@aljazeeraenglish,Al Jazeera English,Canada 150: Indigenous people remember dark past,106K weergaven,6 jaar geleden,"Canada marked its 150th birthday on Saturday, but few indigenous people were in the mood to celebrate. Activists used the¬†...",2024-01-28 00:46:18.132711
/watch?v=nntpgkOheQU&pp=ygUdd2FzaGluZ3RvbiBpbmRpZ2Vub3VzIHBvdmVydHk%3D,/@wellnessandcare,Wellness and Care by Laurie,This #uberdriver Driver Escaped Poverty And Achieved The American Dream In Washington Dc,44 weergaven,1 jaar geleden,This #uberdriver Escaped Poverty And Achieved The American Dream In Washington Dc Immigrants in the U.S. are 2x as likely to¬†...,2024-01-28 00:46:18.134243
/watch?v=9HvP27nQAgM&pp=ygUdd2FzaGluZ3RvbiBpbmRpZ2Vub3VzIHBvdmVydHk%3D,/@aljazeeraenglish,Al Jazeera English,US Poverty - No Way Out l We the People,280K weergaven,7 jaar geleden,This film was originally broadcast on Al Jazeera English in the run-up to the US elections in 2008. One in eight Americans - that is¬†...,2024-01-28 00:46:18.135579
/watch?v=j7KKZ6v5o34&pp=ygUdd2FzaGluZ3RvbiBpbmRpZ2Vub3VzIHBvdmVydHk%3D,/@unitednations,United Nations,Ending poverty and hunger,163K weergaven,8 jaar geleden,"United Nations - ""Ending Poverty and Hunger"" is part of a UN short film series ""The Story You are Shaping"" created by HUMAN,¬†...",2024-01-28 00:46:18.136942
/shorts/n6uzvSaoJyI,/@cgtnamerica,CGTN America,What poverty looks like in Africa...,31K weergaven,3 jaar geleden,"Watch CGTN LIVE on your computer, tablet or mobile http://america.cgtn.com/livenews Subscribe to CGTN America on YouTube¬†...",2024-01-28 00:46:18.138935
/watch?v=GfE_BrnP5fg&pp=ygUdd2FzaGluZ3RvbiBpbmRpZ2Vub3VzIHBvdmVydHk%3D,/@PragerU,PragerU,There Is Only One Way Out of Poverty,"5,1¬†mln. weergaven",6 jaar geleden,Download Pragerpedia on your iPhone or Android! Thousands of sources and facts at your fingertips. iPhone:¬†...,2024-01-28 00:46:18.140775
/watch?v=UX3QBKVFkUc&pp=ygUdd2FzaGluZ3RvbiBpbmRpZ2Vub3VzIHBvdmVydHk%3D,/@komonews,KOMO News,Seattle homeless crisis has new changes coming,45K weergaven,6 maanden geleden,Changes could be coming in how the city of Seattle handles removing homeless encampments. A judge declared parts of the¬†...,2024-01-28 00:46:18.151168
/watch?v=bpAi70WWBlw&pp=ygUdd2FzaGluZ3RvbiBpbmRpZ2Vub3VzIHBvdmVydHk%3D,/@komonews,KOMO News,Seattle is Dying | A KOMO News Documentary,18¬†mln. weergaven,4 jaar geleden,"Have a news tip? Send it directly to us: Email us: tips@komonews.com Call the Newsroom: 206.404.4000 KOMO News (ABC 4,¬†...",2024-01-28 00:46:18.154834
/watch?v=vF5M9Oeqbis&pp=ygUdd2FzaGluZ3RvbiBpbmRpZ2Vub3VzIHBvdmVydHk%3D,/@TEDx,TEDx Talks,Postcolonial encounters in slum tourism | Meghan Muldoon | TEDxUW,"4,5K weergaven",4 jaar geleden,"Colonialism was founded upon and made possible by the creation of 'Us' and 'Them,' where 'Us' is civilized, educated, and free,¬†...",2024-01-28 00:46:18.158464
/watch?v=n5Z4VwDlkkQ&pp=ygUdd2FzaGluZ3RvbiBpbmRpZ2Vub3VzIHBvdmVydHk%3D,/@UnitedStates5050,Our 50 States,Homeless Population by State: Latest Insights into US Homeless Crisis,1¬†mln. weergaven,4 maanden geleden,Homeless Population in America: Explore the latest comprehensive insights into the ongoing homeless crisis in the United States¬†...,2024-01-28 00:46:18.162185
/shorts/HzvtUO8V4Iw,/@PinnacleDigest,Pinnacle Digest,The Shocking Poverty Rate in the USA,"7,2K weergaven",1 jaar geleden,"Over the last few years, poverty in America has increased substantially. According to the United States Census Bureau, 12.8% of¬†...",2024-01-28 00:46:18.165123
/shorts/IleTuZ5n0iE,/@baqarahmathba8983,Baqar Ahmath ba,YAHAWAH WA YAHAWASHI WILL FEED THE DOWN TRODDEN LOWLY POOR SHEEP WHEN SHTFFAMINE,1 weergave,7 jaar geleden,"subscribe to menofvalor12, menofvalor13.",2024-01-28 00:46:18.166849
/watch?v=qMkYlIA7mgw&pp=ygUdd2FzaGluZ3RvbiBpbmRpZ2Vub3VzIHBvdmVydHk%3D,/@CGPGrey,CGP Grey,Canada & The United States's Bizarre Border,25¬†mln. weergaven,10 jaar geleden,## Related Videos: - Grey Grades Canada's Flags: https://www.youtube.com/watch?v=-7dgkMAyln0.,2024-01-28 00:46:18.168205
